Jack,Mitchell
Victoria,Hernandez
Emily,Thomas
Raymond,Ruiz
Jean,Young
Stephanie,Bennett
Joan,Lopez
Patrick,Gutierrez
Jacqueline,Kim
Kathryn,White
Sara,Miller
Carolyn,Gray
Amanda,Rivera
Patrick,Baker
Julie,Kim
Grace,Morales
Andrew,Wood
Megan,Lewis
Ryan,Watson
Alexander,Thompson
Victoria,Rogers
Joshua,Foster
Joyce,Reyes
Anthony,Wilson
Adam,Hall
Anthony,Cook
Gregory,Roberts
Grace,Price
Ronald,Johnson
Ashley,Brooks
Maria,Harris
Grace,Garcia
Robert,Rivera
Julia,Ortiz
Tyler,Taylor
Adam,Brooks
Mark,Ross
Jacob,Clark
Gregory,Chavez
Brian,Ortiz
Christopher,Myers
Gregory,Reed
Ann,Long
Joan,Reed
Frank,Watson
Grace,Wood
Julia,Allen
Kevin,Rodriguez
Elizabeth,Cox
Sarah,Thompson
Edward,Chavez
Judith,Ward
Larry,Morales
Anthony,Price
Janet,Kim
James,Watson
Denise,Parker
Kathryn,Edwards
Timothy,Reyes
Julie,Cruz
Christopher,Taylor
Joyce,Gonzalez
Nicole,Gray
Tyler,Watson
William,Kim
Heather,Collins
Dennis,Morris
Benjamin,Ortiz
Jerry,Johnson
Donald,Harris
Benjamin,Long
Michael,Reyes
Andrew,Martinez
Kenneth,Edwards
Julia,Ramos
Jack,Richardson
Joan,Howard
Joshua,Cooper
Doris,Chavez
Kevin,Ortiz
Steven,Allen
Raymond,Murphy
James,Turner
Marilyn,Price
Brandon,Brooks
Ronald,Ross
Jeffrey,Williams
Rachel,Green
Justin,White
Diane,Howard
Steven,Watson
Teresa,Davis
Judith,Scott
Jeffrey,Rogers
Robert,Morris
Alice,Alvarez
Julie,Parker
William,Wilson
Benjamin,Ramirez
Maria,Miller
Rachel,Bennett
Helen,Hernandez
Christine,Mendoza
Catherine,Collins
Joshua,Peterson
Brian,Ross
Megan,Rogers
Jack,Young
Patrick,Garcia
Janice,Turner
William,Rogers
Larry,Gomez
Evelyn,Lee
Martha,Collins
Jose,Torres
Lauren,Garcia
Michael,Gutierrez
Andrew,Baker
Julie,Wilson
Denise,Rogers
Tyler,Baker
Maria,Miller
Larry,Kim
Frances,Garcia
Judy,Turner
Abigail,Lopez
Daniel,Parker
Larry,Johnson
Helen,Chavez
Raymond,Kim
Scott,Foster
Joan,Hill
Eric,Wood
Lauren,Collins
Kevin,Brown
Doris,Ramirez
Paul,Ruiz
Nicole,Edwards
Denise,Johnson
Megan,Sanchez
Scott,Kim
Kathryn,Rodriguez
Nathan,Flores
Madison,Watson
Doris,Nelson
Helen,Perez
Jerry,Nguyen
Kathryn,Clark
Gregory,Young
Adam,Kelly
Justin,Edwards
Kenneth,Ruiz
Carolyn,Lee
Julia,Turner
Andrew,Mendoza
Megan,Wright
Jose,Price
Jonathan,Chavez
Jason,Murphy
Judith,Campbell
Mark,Campbell
Janet,Harris
Judith,Castillo
Jeffrey,Collins
Diane,Anderson
Daniel,Morgan
Grace,Torres
Jean,Garcia
Kenneth,Mitchell
Carolyn,James
Jacqueline,Morgan
Ryan,Thompson
Sarah,Baker
Larry,Sanchez
Larry,Clark
Jerry,Harris
Amanda,Edwards
Sarah,Lee
Edward,Chavez
Emily,Hernandez
Mark,Thomas
Janet,Cooper
Joan,Young
Nathan,Hall
Ashley,Johnson
James,Peterson
Julie,Myers
Ryan,Sanders
Ronald,Parker
Alice,Howard
Stephen,Adams
Maria,Myers
Robert,Peterson
Grace,Wilson
Sara,Mitchell
Justin,White
Janet,Rivera
Catherine,Richardson
Alexander,Robinson
Daniel,Rogers
Dennis,Reyes
Eric,Gutierrez
James,Brown
Catherine,Peterson
Martha,Ruiz
Mark,Clark
Emily,Sanchez
Maria,Brooks
Ronald,Rogers
Janet,Stewart
Amber,King
Nathan,Davis
Paul,Turner
Jacqueline,Kelly
Jonathan,Kelly
Frances,Reyes
Ryan,Cox
Amber,Murphy
Evelyn,Turner
Robert,Turner
Janet,Wright
Stephanie,Taylor
Ann,Nguyen
Grace,Murphy
Judy,Allen
Amber,Jones
Justin,Stewart
Jack,Martin
Edward,Thomas
Gary,Adams
Denise,Long
Hannah,Evans
Anthony,Miller
Michael,Ortiz
Steven,Wright
Justin,Alvarez
Catherine,Green
Jonathan,Stewart
Denise,Phillips
Cheryl,Jackson
Mark,Walker
Michael,Sanchez
Victoria,Nguyen
Jonathan,Carter
Jacqueline,Thomas
Joshua,Alvarez
Heather,Evans
Madison,Garcia
Teresa,Sanchez
Sarah,Evans
Ronald,Adams
Brian,Collins
Ronald,Baker
Donald,Collins
Nicole,Rogers
Helen,Morales
Michael,Rodriguez
Frances,Harris
Gary,Cruz
Ronald,Watson
Jean,Richardson
Kelly,Clark
Ann,Clark
Frank,Hall
Ann,Watson
Evelyn,Martinez
Sarah,James
John,Ross
Kathryn,Phillips
George,Allen
Abigail,Roberts
Cheryl,Baker
Benjamin,Gutierrez
Jose,Collins
Andrew,Hill
Judith,Bennett
Janice,Williams
Benjamin,Nguyen
Ann,Collins
Maria,Long
Sarah,Patel
Kevin,Collins
Grace,Jones
Patrick,Gray
Grace,Ramirez
Denise,Carter
Kathryn,Allen
Hannah,Anderson
Amber,Watson
Jessica,Howard
Grace,Green
Samuel,Edwards
Christine,Hill
Kevin,Rodriguez
Jonathan,Anderson
Gregory,Howard
Teresa,Lee
Jeffrey,Howard
Cheryl,Davis
Maria,Ramos
Jacqueline,Lee
Jacob,Kelly
Michael,Torres
Emily,Collins
George,Murphy
Christine,Rodriguez
Janet,Scott
Alice,Hughes
Jerry,Reed
Henry,Clark
Tyler,James
Maria,Nguyen
Adam,Turner
Matthew,Collins
Rachel,Rodriguez
Jerry,Baker
Eric,Davis
Ashley,Jackson
Kenneth,Perez
David,Anderson
Daniel,Sanders
Nicholas,Alvarez
Scott,Edwards
Grace,Perez
Emily,Kim
Catherine,Richardson
Adam,Roberts
Sarah,Anderson
Henry,Kelly
Teresa,Hernandez
Christopher,Mendoza
Grace,Lee
Judith,Ortiz
Jonathan,Price
Henry,Martinez
Daniel,Robinson
Joyce,Reed
James,Hernandez
Raymond,Alvarez
Michael,Wood
Carolyn,Sanchez
Raymond,Hernandez
Patrick,Torres
Doris,Anderson
Timothy,Cox
Teresa,Gray
Mark,Morgan
Justin,Sanchez
Alexander,Watson
Judy,Stewart
Ashley,Jones
Larry,King
Helen,Edwards
Alice,Peterson
Deborah,Roberts
Raymond,Nelson
Ronald,Ross
Helen,Lopez
Jose,Cook
William,Watson
Ashley,Hernandez
Eric,Walker
Diane,Alvarez
Nicholas,Ross
Michael,Diaz
Jeffrey,Walker
Kelly,Price
Abigail,Ramirez
Jane,Lewis
Deborah,Ramirez
Stephanie,Ruiz
Megan,Torres
Joshua,Carter
Patrick,Hughes
Larry,Ruiz
Benjamin,Rivera
Samuel,Johnson
Elizabeth,James
Doris,Perez
Scott,Martinez
Madison,Ortiz
Samuel,Thomas
Kevin,King
Jane,Ruiz
Jean,Garcia
Jack,Taylor
James,Moore
Joyce,Smith
Henry,Ortiz
Julie,James
Jason,Anderson
Carolyn,Perez
Jason,Sanders
Daniel,Ross
Marilyn,Evans
James,Ruiz
David,Cruz
Nicole,Thompson
Edward,Adams
Ashley,Hernandez
Julie,Allen
Samuel,Flores
Samuel,Hill
Jonathan,Williams
Julia,Ross
Kenneth,Adams
Aaron,Gonzalez
William,Bennett
Aaron,Ross
Tyler,Johnson
Andrea,Hill
Alice,Harris
Julia,Gonzalez
Denise,Rivera
Andrea,Reyes
Rachel,Nelson
Christopher,Sanders
Catherine,Morales
Jean,Cooper
Patrick,Mitchell
Matthew,Hill
Victoria,Carter
Gregory,Moore
Matthew,Clark
Teresa,Williams
Jane,Stewart
Daniel,Perez
Stephen,Cook
Doris,Smith
Julia,Edwards
Hannah,Ross
Heather,Stewart
Brian,Ruiz
Evelyn,Reed
Megan,Scott
Diane,Wilson
Michael,Walker
Anthony,Lee
Jacob,White
Hannah,Edwards
Daniel,Allen
Maria,Hill
Andrew,Foster
Madison,Wright
Jacob,Ramirez
David,Sanchez
Jonathan,Hernandez
Jean,Murphy
Larry,Morales
Justin,Wright
Ashley,Ross
Stephanie,King
Julia,Long
Jeffrey,Mitchell
James,Roberts
Amanda,Garcia
Aaron,Watson
Janet,Miller
Julia,Gutierrez
Paul,Davis
Sarah,Wilson
Stephen,Thomas
Frank,Bennett
Grace,Ortiz
Teresa,Kelly
Kevin,Johnson
Amber,Ramos
Helen,Harris
Carolyn,Alvarez
Marilyn,Foster
Adam,Wilson
Kathryn,Morris
Nicholas,Mitchell
John,Reyes
Sara,Anderson
Nicholas,Hernandez
Gary,Smith
Madison,Hernandez
Abigail,Moore
Jean,Baker
Aaron,King
Donald,Diaz
Frank,Hernandez
Evelyn,Stewart
Jessica,Bennett
Kelly,Wood
Samuel,Watson
Alexander,Hernandez
Julia,Cox
Christopher,Miller
Cheryl,Martinez
Nicholas,Patel
John,Kelly
Jacqueline,Mitchell
Jeffrey,Rogers
Adam,Reyes
William,Bailey
Ryan,Cooper
Ryan,Jones
Timothy,Alvarez
Brandon,Morris
Alice,Gutierrez
Kenneth,Jones
Brandon,Perez
Frances,Martinez
Carolyn,Scott
Judy,Ross
Raymond,White
Daniel,Walker
Sophia,Hill
Jack,Long
Elizabeth,Gomez
Robert,Reed
Patrick,Taylor
Samuel,Thomas
Jacqueline,Garcia
Helen,Morris
Edward,Nelson
Daniel,Reyes
Jerry,Martinez
Nicole,Garcia
Gregory,Ward
Nathan,Lewis
Megan,Lewis
Janet,Reyes
Michael,Jackson
Deborah,Wright
Judy,Myers
Teresa,Diaz
Carolyn,Alvarez
Jack,Thompson
Brandon,Lewis
Paul,Lewis
Anthony,Peterson
Ann,Morales
Andrea,Reed
Sarah,Johnson
Martha,Adams
Carolyn,Cox
Abigail,Myers
Timothy,Hall
Jerry,Bennett
Kenneth,Cooper
Tyler,Torres
Benjamin,Sanders
Brian,Mendoza
Martha,Turner
Julie,James
Aaron,Miller
Janice,Parker
Deborah,Gutierrez
Deborah,Myers
Jack,Campbell
Mark,Perez
Mark,Johnson
Brandon,Rodriguez
Jonathan,Patel
Janice,Cooper
Judy,Wood
Matthew,Price
Nathan,Hernandez
Kathryn,James
Brandon,Stewart
Evelyn,Wood
Judy,Ramirez
Cheryl,Davis
Frances,Rogers
Scott,Martin
Christopher,Turner
Nicholas,Lopez
Amber,Cox
Jack,Lopez
Samuel,White
Jerry,Kim
Sara,Adams
Helen,Miller
Scott,Williams
Daniel,Richardson
Rachel,Gray
Christine,Ortiz
Kathryn,Watson
Emily,White
Tyler,Brooks
Deborah,Brooks
Jose,Torres
Frank,Brooks
Kenneth,Smith
Samuel,Murphy
Sarah,Davis
Michael,Rogers
Larry,Alvarez
Michael,Wilson
Doris,White
Deborah,Evans
Eric,Morgan
Julie,Ruiz
Andrea,Wright
Anthony,Peterson
Andrew,Perez
Kelly,Walker
Jacqueline,Reyes
Donald,Adams
Heather,Allen
Joan,Peterson
Anthony,Jackson
Teresa,Walker
Gloria,Young
Kenneth,Jackson
Adam,Jackson
Jessica,Turner
Martha,Perez
Jason,Rivera
Sophia,Turner
Gregory,Watson
Justin,Hall
Justin,Johnson
Scott,Ward
Steven,James
Jose,Wright
Patrick,Allen
Sara,Diaz
Megan,Peterson
Daniel,James
Justin,Smith
Steven,Miller
Janice,Allen
Ronald,Richardson
Jean,Gomez
Martha,Hughes
Alice,Baker
Andrea,Taylor
Megan,Ramos
Andrew,Sanders
Sarah,Robinson
Madison,Parker
James,Cox
Gloria,Patel
David,James
Teresa,Hall
Andrea,Hall
Jean,Jackson
Marilyn,Alvarez
Grace,Ross
Jeffrey,Campbell
Jerry,Baker
Brandon,Thompson
Martha,Wright
Abigail,Castillo
Paul,Smith
Judith,Hernandez
Brian,Reyes
Emily,Ruiz
Mark,Garcia
Nicole,Reed
Andrew,Robinson
Rachel,Rogers
Jack,Howard
Abigail,Ramos
Henry,Sanchez
Patrick,Chavez
Abigail,Long
Brandon,Mitchell
Ronald,Phillips
Steven,Flores
Jean,Thompson
Jeffrey,Bennett
Cheryl,Gutierrez
Gary,Perez
Janice,Robinson
Doris,Scott
Joan,Smith
Jerry,Bennett
Julie,Green
Daniel,Ross
Anthony,Harris
Helen,Williams
Christine,Flores
Timothy,Morris
Samuel,Johnson
David,Thomas
Ryan,Watson
William,Rodriguez
Hannah,Williams
Elizabeth,Lee
Raymond,Diaz
Kevin,Brooks
James,Patel
Jeffrey,Hernandez
Hannah,Mendoza
Grace,Mendoza
George,Brooks
Janice,Lopez
Rachel,Gomez
Martha,Perez
Victoria,Gray
Aaron,Parker
Mark,Allen
Lauren,Kim
Jean,Collins
Kelly,Hall
Daniel,Cruz
Jerry,Phillips
Carolyn,Wilson
Donald,Lewis
Justin,Carter
Mark,Ramos
Jose,Diaz
Maria,Collins
Grace,Ortiz
Jacob,Collins
Joan,Ramos
Denise,Clark
Andrew,Lee
Nathan,Bennett
Jane,Cooper
Megan,Edwards
Jack,Garcia
John,Nelson
Jeffrey,Nelson
Joan,Walker
Grace,Rodriguez
Cheryl,Anderson
Sarah,Hughes
Paul,Ross
Ann,Harris
Jessica,Mendoza
Larry,Bailey
Martha,Garcia
Joan,Young
Donald,Allen
Michael,Gonzalez
Julia,Walker
Denise,Bailey
Adam,King
Amber,Gonzalez
Jeffrey,Turner
Martha,Walker
Justin,Sanchez
Eric,Harris
Abigail,Gomez
Joshua,Chavez
Kathryn,Gray
Joan,Gray
Janet,Johnson
Martha,Mitchell
Robert,Lewis
Adam,Castillo
Jason,Mitchell
Diane,Brooks
Frank,Walker
Maria,Hughes
Gloria,Wright
Gloria,Edwards
Paul,Brooks
Judy,Garcia
Andrew,Mitchell
Henry,Hernandez
Samuel,Clark
Megan,Myers
Eric,Bailey
Catherine,Hughes
Alice,James
Christopher,Ward
Samuel,Chavez
Anthony,Ramos
Scott,Rodriguez
Henry,Harris
Jason,Sanders
Justin,Gomez
Daniel,Moore
Elizabeth,Allen
Diane,Garcia
Diane,Cruz
Jack,Gomez
George,Morgan
Justin,Smith
Jessica,Price
Nicole,Howard
Aaron,Perez
Christine,Alvarez
Marilyn,Gonzalez
Aaron,Reed
Doris,Davis
Hannah,King
Sara,Kim
Michael,Watson
Jeffrey,Davis
Maria,Hill
Ryan,Long
Doris,Robinson
Joan,Gonzalez
Maria,Young
Christopher,Allen
Edward,Watson
Helen,Castillo
Sara,Ruiz
Julia,Richardson
Kevin,Brown
Dennis,Patel
Eric,Roberts
Hannah,Stewart
James,Williams
Nathan,Richardson
Kelly,White
Megan,Morris
Jose,Phillips
Stephen,Chavez
Brandon,Smith
Steven,Rodriguez
Ann,Scott
Grace,Morales
Robert,Jackson
Frank,Roberts
Daniel,Hill
Sarah,Stewart
Sarah,Kim
Denise,Murphy
Julia,Gonzalez
Janice,Diaz
Janet,Wilson
Doris,Lee
David,Hughes
Donald,Long
Jerry,Williams
Brandon,Kim
Jeffrey,White
Stephen,Hall
Frank,White
Donald,Rivera
Lauren,Wright
Lauren,Reed
Andrea,Nelson
Ryan,Carter
Sophia,Reed
Judy,Rivera
David,Chavez
Denise,Edwards
Emily,Wilson
Stephanie,White
Joyce,Reyes
Ronald,Lewis
Marilyn,Brooks
Alexander,Price
Dennis,Miller
Adam,Nelson
Jose,Morales
Frank,Allen
Henry,Flores
Andrea,Evans
William,Murphy
Daniel,Jones
Evelyn,Lewis
Raymond,Lewis
Robert,Diaz
Donald,Cooper
Carolyn,Flores
Ashley,Robinson
Nicole,Kim
Judith,Sanders
Hannah,Patel
Carolyn,Alvarez
Samuel,Cox
Jason,Robinson
Cheryl,Ramirez
Heather,Phillips
Joan,Howard
Jack,Martin
Daniel,Rodriguez
Matthew,Cox
Teresa,Carter
Christine,Carter
Stephanie,Hall
Kathryn,Patel
Jack,Reyes
Stephanie,Richardson
Tyler,Howard
Steven,Gutierrez
Donald,Allen
Evelyn,Parker
Rachel,Mitchell
Edward,Adams
Teresa,Diaz
Marilyn,Cruz
Kathryn,Wright
Catherine,Flores
Timothy,Miller
Gary,Mitchell
Henry,Wood
Joyce,King
Henry,Wilson
Jeffrey,Phillips
Evelyn,Edwards
Sarah,Hill
Jessica,Gutierrez
Kenneth,Hill
Gregory,Evans
Diane,Johnson
Kenneth,Kelly
Julie,Alvarez
Janice,Price
Stephen,Gonzalez
John,Bailey
Stephanie,Cooper
Jane,Long
Robert,Moore
Madison,Cooper
Jerry,Davis
John,Brown
Julie,Chavez
Jacqueline,Lee
Larry,Sanchez
Sophia,Peterson
Daniel,Ramos
Kevin,White
Scott,Bailey
Marilyn,White
Ronald,Wilson
Emily,Gonzalez
Brandon,Morgan
Nicholas,Reyes
Nicole,Campbell
Janet,Taylor
Rachel,Ross
Judith,Stewart
Michael,Garcia
James,Roberts
Amanda,Williams
Nathan,Morgan
Henry,Torres
Matthew,Morris
Edward,Richardson
Judith,Carter
Jerry,Miller
Jack,Cox
Frances,Gray
Ashley,Edwards
Ann,Patel
Nicholas,Hughes
Sarah,Castillo
Christine,Garcia
Alice,Brooks
Jean,Diaz
Maria,Carter
Megan,Parker
Jessica,Kelly
Julie,Murphy
Deborah,White
Megan,Martin
Stephanie,Long
Jane,Perez
George,Turner
Jessica,Lee
Patrick,Myers
Alice,Allen
Adam,Campbell
Amber,Phillips
Matthew,Stewart
Grace,Johnson
Raymond,Walker
Jerry,Mendoza
Christopher,Evans
Megan,Lewis
Nicole,Taylor
Eric,Adams
Sophia,Lee
Jose,Morris
Deborah,Castillo
Jacqueline,Baker
Paul,Chavez
David,Evans
Martha,Myers
Christopher,Ramos
William,Green
Eric,Gutierrez
Donald,Flores
Rachel,Davis
Ronald,Wilson
Larry,Martinez
Gloria,Garcia
Denise,Anderson
Gary,Foster
Marilyn,Martinez
Stephen,Anderson
Gregory,Roberts
Jason,Ortiz
Diane,Reyes
Paul,Rogers
Madison,Robinson
Gregory,Perez
Dennis,Howard
James,Morales
Jonathan,Castillo
Nathan,Anderson
Hannah,Ortiz
Judy,Ramos
Janice,Adams
Judith,Parker
Mark,Gutierrez
Catherine,Castillo
Eric,Stewart
